[{"id":"sec$Group-0fa2b1a5-1d68-4d69-9fbd-dff348347f93","version":0,"constraints":[{"id":"sec$Constraint-007760db-b495-923e-1ab9-b43ad9e0b59c","checkType":"MEMORY","updatedBy":"admin","groovyScript":"!{E}.closed","filterXml":"\u003c?xml version\u003d\"1.0\" encoding\u003d\"UTF-8\"?\u003e\n\n\u003cfilter\u003e\n  \u003cand\u003e\n    \u003cc name\u003d\"status\" class\u003d\"com.company.cesc.entity.OrderStatus\" operatorType\u003d\"NOT_EQUAL\" width\u003d\"1\" type\u003d\"PROPERTY\"\u003e\u003c![CDATA[queryEntity.status \u003c\u003e :component$filterWithoutId.status22463]]\u003e\n      \u003cparam name\u003d\"component$filterWithoutId.status22463\" javaClass\u003d\"com.company.cesc.entity.OrderStatus\"\u003eCLOSED\u003c/param\u003e\n    \u003c/c\u003e\n  \u003c/and\u003e\n\u003c/filter\u003e\n","isActive":true,"version":13,"createdBy":"admin","entityName":"cesc$Order","createTs":"2017-03-31 12:45:58.045","operationType":"UPDATE","updateTs":"2017-03-31 13:37:02.907","group":{"id":"sec$Group-0fa2b1a5-1d68-4d69-9fbd-dff348347f93"}}],"name":"Company","createTs":"2017-03-31 12:44:53.756","hierarchyList":[],"sessionAttributes":[]}]