[{"id":"sec$Group-0fa2b1a5-1d68-4d69-9fbd-dff348347f93","version":0,"constraints":[{"id":"sec$Constraint-007760db-b495-923e-1ab9-b43ad9e0b59c","checkType":"MEMORY","updatedBy":"admin","groovyScript":"def dataManager \u003d com.haulmont.cuba.core.global.AppBeans.get(com.haulmont.cuba.core.global.DataManager)\n\ndef currentPersistedEntity \u003d dataManager.reload({E},\u0027_local\u0027)\n\ndef closedStatus \u003d com.company.cesc.entity.OrderStatus.CLOSED\n\nif ({E}.status !\u003d closedStatus) {\n    return true\n}\nelse if (currentPersistedEntity.status !\u003d closedStatus \u0026\u0026 {E}.status \u003d\u003d closedStatus) {\n    return true\n}\nelse if (currentPersistedEntity.status \u003d\u003d closedStatus \u0026\u0026 {E}.status !\u003d closedStatus) {\n    return true\n}\nelse {\n    return false\n}","filterXml":"\u003c?xml version\u003d\"1.0\" encoding\u003d\"UTF-8\"?\u003e\n\n\u003cfilter\u003e\n  \u003cand\u003e\n    \u003cc name\u003d\"status\" class\u003d\"com.company.cesc.entity.OrderStatus\" operatorType\u003d\"NOT_EQUAL\" width\u003d\"1\" type\u003d\"PROPERTY\"\u003e\u003c![CDATA[queryEntity.status \u003c\u003e :component$filterWithoutId.status22463]]\u003e\n      \u003cparam name\u003d\"component$filterWithoutId.status22463\" javaClass\u003d\"com.company.cesc.entity.OrderStatus\"\u003eCLOSED\u003c/param\u003e\n    \u003c/c\u003e\n  \u003c/and\u003e\n\u003c/filter\u003e\n","isActive":true,"version":20,"createdBy":"admin","entityName":"cesc$Order","createTs":"2017-03-31 12:45:58.045","operationType":"UPDATE","updateTs":"2017-04-07 10:28:52.754","group":{"id":"sec$Group-0fa2b1a5-1d68-4d69-9fbd-dff348347f93"}},{"id":"sec$Constraint-d4b0bb50-8921-2cbd-8313-4816f817b3a7","checkType":"MEMORY","updatedBy":"admin","code":"deliverOrder","groovyScript":"if ({E}.lineItems.size() \u003e 0) {\n    return true\n}\nelse {\n    return false\n}","isActive":true,"version":3,"createdBy":"admin","entityName":"cesc$Order","createTs":"2017-04-07 12:36:14.601","operationType":"CUSTOM","updateTs":"2017-04-13 09:34:16.347","group":{"id":"sec$Group-0fa2b1a5-1d68-4d69-9fbd-dff348347f93"}}],"name":"Company","createTs":"2017-03-31 12:44:53.756","hierarchyList":[],"sessionAttributes":[]},{"id":"sec$Group-51afb332-2cd8-fd77-0218-5eb040d1edc9","parent":{"id":"sec$Group-6eef1d32-0794-7c39-d79c-6c1b889d4a46","parent":{"id":"sec$Group-0fa2b1a5-1d68-4d69-9fbd-dff348347f93"},"version":1,"constraints":[],"createdBy":"admin","name":"US","createTs":"2016-02-03 08:43:14.000","hierarchyList":[{"id":"sec$GroupHierarchy-6fe8bf5e-437e-32f2-7705-430748f436b2","parent":{"id":"sec$Group-0fa2b1a5-1d68-4d69-9fbd-dff348347f93"},"level":0,"group":{"id":"sec$Group-6eef1d32-0794-7c39-d79c-6c1b889d4a46"}}],"sessionAttributes":[],"updateTs":"2016-02-03 08:43:14.000"},"version":1,"constraints":[{"id":"sec$Constraint-b5827389-15e0-0914-7262-9ba85bb9fcde","checkType":"MEMORY","updatedBy":"admin","groovyScript":"com.haulmont.cuba.core.global.PersistenceHelper.checkLoaded(__originalEntity__, \u0027createdBy\u0027)\n{E}.createdBy \u003d\u003d userSession.user.login","isActive":true,"version":5,"createdBy":"admin","entityName":"cesc$Order","createTs":"2017-03-31 13:57:35.847","operationType":"UPDATE","updateTs":"2017-04-07 12:27:28.934","group":{"id":"sec$Group-51afb332-2cd8-fd77-0218-5eb040d1edc9"}},{"id":"sec$Constraint-d84386eb-0be1-e131-8a42-749e631e8be8","checkType":"MEMORY","updatedBy":"admin","groovyScript":"def newCustomer \u003d com.company.cesc.entity.CustomerType.NEW\ncom.haulmont.cuba.core.global.PersistenceHelper.checkLoaded(__originalEntity__, \u0027paymentMethod\u0027)\ncom.haulmont.cuba.core.global.PersistenceHelper.checkLoaded(__originalEntity__.customer, \u0027type\u0027)\nif ({E}.customer.type \u003d\u003d newCustomer) {\n    if ({E}.paymentMethod \u003d\u003d com.company.cesc.entity.PaymentMethod.CREDIT_CARD || {E}.paymentMethod \u003d\u003d com.company.cesc.entity.PaymentMethod.PAYPAL) {\n        return true\n    }\n    else {\n        return false\n    }\n}\nelse {\n    return true\n}","isActive":true,"version":7,"createdBy":"admin","entityName":"cesc$Order","createTs":"2017-03-31 14:11:47.655","operationType":"CREATE","updateTs":"2017-04-07 11:51:07.339","group":{"id":"sec$Group-51afb332-2cd8-fd77-0218-5eb040d1edc9"}},{"id":"sec$Constraint-9601ad8f-9ba8-fbcd-b06c-96c3df53dadd","checkType":"DATABASE","whereClause":"c.state \u003d \u0027NH\u0027 or c.state \u003d \u0027MA\u0027","updatedBy":"admin","joinClause":"join {E}.customer c","isActive":true,"version":2,"createdBy":"admin","entityName":"cesc$Order","createTs":"2016-02-03 08:59:52.000","operationType":"READ","updateTs":"2016-02-03 09:05:05.000","group":{"id":"sec$Group-51afb332-2cd8-fd77-0218-5eb040d1edc9"}},{"id":"sec$Constraint-f10aaade-4316-968c-e797-bf700374c153","checkType":"DATABASE","whereClause":"{E}.state \u003d \u0027NH\u0027 or {E}.state \u003d \u0027MA\u0027","isActive":true,"version":1,"createdBy":"admin","entityName":"cesc$Customer","createTs":"2016-02-03 08:58:26.000","operationType":"READ","updateTs":"2016-02-03 08:58:26.000","group":{"id":"sec$Group-51afb332-2cd8-fd77-0218-5eb040d1edc9"}}],"createdBy":"admin","name":"Northeast","createTs":"2016-02-03 08:43:24.000","hierarchyList":[{"id":"sec$GroupHierarchy-c0984b8b-1ad7-c626-00b6-934d1c445192","parent":{"id":"sec$Group-0fa2b1a5-1d68-4d69-9fbd-dff348347f93"},"level":0,"group":{"id":"sec$Group-51afb332-2cd8-fd77-0218-5eb040d1edc9"}},{"id":"sec$GroupHierarchy-d633407f-10bf-e025-bbbf-18abecc3326e","parent":{"id":"sec$Group-6eef1d32-0794-7c39-d79c-6c1b889d4a46"},"level":1,"group":{"id":"sec$Group-51afb332-2cd8-fd77-0218-5eb040d1edc9"}}],"sessionAttributes":[],"updateTs":"2016-02-03 08:43:24.000"},{"id":"sec$Group-6eef1d32-0794-7c39-d79c-6c1b889d4a46"},{"id":"sec$Group-f76d4b65-ed25-17e8-293b-c5548aa2f16d","parent":{"id":"sec$Group-6eef1d32-0794-7c39-d79c-6c1b889d4a46"},"version":1,"constraints":[{"id":"sec$Constraint-76df0e61-33c3-b1d8-b467-62d9078230e5","checkType":"DATABASE","whereClause":"{E}.state \u003d \u0027NE\u0027 or {E}.state \u003d \u0027IL\u0027","isActive":true,"version":1,"createdBy":"admin","entityName":"cesc$Customer","createTs":"2016-02-03 13:00:43.000","operationType":"READ","updateTs":"2016-02-03 13:00:43.000","group":{"id":"sec$Group-f76d4b65-ed25-17e8-293b-c5548aa2f16d"}},{"id":"sec$Constraint-2b242cd4-1474-125d-3b01-1c221690d6b1","checkType":"DATABASE","whereClause":"c.state \u003d \u0027NE\u0027 or c.state \u003d \u0027IL\u0027","joinClause":"join {E}.customer c","isActive":true,"version":1,"createdBy":"admin","entityName":"cesc$Order","createTs":"2016-02-03 13:01:26.000","operationType":"READ","updateTs":"2016-02-03 13:01:26.000","group":{"id":"sec$Group-f76d4b65-ed25-17e8-293b-c5548aa2f16d"}}],"createdBy":"admin","name":"Midwest","createTs":"2016-02-03 12:48:53.000","hierarchyList":[{"id":"sec$GroupHierarchy-88b1a130-d2bd-c097-848d-60b2208b5e0b","parent":{"id":"sec$Group-0fa2b1a5-1d68-4d69-9fbd-dff348347f93"},"level":0,"group":{"id":"sec$Group-f76d4b65-ed25-17e8-293b-c5548aa2f16d"}},{"id":"sec$GroupHierarchy-59581e14-492c-6177-8905-15553cdcdcf7","parent":{"id":"sec$Group-6eef1d32-0794-7c39-d79c-6c1b889d4a46"},"level":1,"group":{"id":"sec$Group-f76d4b65-ed25-17e8-293b-c5548aa2f16d"}}],"sessionAttributes":[],"updateTs":"2016-02-03 12:48:53.000"}]